TransactionID,Date,Description,Amount
TXN1000,2026-03-18,Digitized even-keeled moratorium,287.39
TXN1001,2026-03-13,Synchronized intermediate capacity,483.01
TXN1002,2026-03-06,Adaptive zero administration throughput,80.79
TXN1003,2026-03-04,Synergistic context-sensitive extranet,173.77
TXN1004,2026-03-16,Switchable client-server approach,414.46
TXN1005,2026-03-18,Self-enabling user-facing success,282.99
TXN1006,2026-02-25,Multi-tiered encompassing customer loyalty,383.97
TXN1007,2026-03-19,Mandatory user-facing info-mediaries,135.3
TXN1008,2026-03-24,Ergonomic well-modulated encoding,439.32
TXN1009,2026-03-13,Business-focused content-based capacity,346.41
TXN1010,2026-03-18,Synergized systemic moratorium,14.93
TXN1011,2026-03-01,Customer-focused human-resource challenge,268.85
TXN1012,2026-03-13,Seamless dynamic process improvement,480.61
TXN1013,2026-03-16,Automated background alliance,40.7
TXN1014,2026-03-16,Triple-buffered tangible throughput,406.67
TXN1015,2026-02-25,Total context-sensitive matrix,47.73
TXN1016,2026-03-01,Distributed upward-trending challenge,200.68
TXN1017,2026-03-03,Team-oriented directional instruction set,370.05
TXN1018,2026-03-01,Reduced transitional task-force,43.07
TXN1019,2026-03-13,Expanded heuristic access,278.08
TXN1020,2026-03-12,Visionary uniform knowledge user,31.34
TXN1021,2026-03-20,Multi-channeled optimal policy,277.2
TXN1022,2026-03-14,Multi-channeled multi-state neural-net,274.77
TXN1023,2026-02-26,Synergized discrete database,306.75
TXN1024,2026-03-08,Reverse-engineered 6thgeneration encryption,273.99
TXN1025,2026-03-16,Seamless dynamic challenge,70.25
TXN1026,2026-03-16,Object-based human-resource Local Area Network,365.98
TXN1027,2026-03-10,Robust tertiary encoding,64.63
TXN1028,2026-02-28,User-friendly didactic open system,59.9
TXN1029,2026-03-10,Persevering solution-oriented knowledgebase,249.23
TXN1030,2026-03-01,Down-sized context-sensitive flexibility,45.29
TXN1031,2026-03-03,Multi-channeled static parallelism,244.55
TXN1032,2026-02-27,User-friendly discrete productivity,390.36
TXN1033,2026-03-04,Horizontal national access,70.52
TXN1034,2026-02-25,Polarized real-time pricing structure,333.22
TXN1035,2026-03-07,Right-sized logistical approach,22.28
TXN1036,2026-03-15,Compatible context-sensitive capability,136.89
TXN1037,2026-02-28,Mandatory well-modulated info-mediaries,379.5
TXN1038,2026-03-22,Pre-emptive context-sensitive website,329.1
TXN1039,2026-03-18,Optimized bifurcated algorithm,246.74
TXN1040,2026-03-09,Cloned 4thgeneration matrix,206.41
TXN1041,2026-03-16,Synergized 5thgeneration concept,18.89
TXN1042,2026-03-25,User-centric client-server benchmark,299.7
TXN1043,2026-03-17,Optional even-keeled Internet solution,322.37
TXN1044,2026-03-09,Public-key systematic matrices,384.97
TXN1045,2026-03-19,Object-based directional knowledgebase,71.54
TXN1046,2026-03-05,Cloned tertiary intranet,364.0
TXN1047,2026-02-24,Quality-focused zero tolerance productivity,415.26
TXN1048,2026-03-06,Polarized asymmetric Graphical User Interface,345.07
TXN1049,2026-03-10,Adaptive fault-tolerant software,232.19
TXN1050,2026-03-18,Assimilated homogeneous Local Area Network,290.12
TXN1051,2026-03-25,Extended asynchronous info-mediaries,432.19
TXN1052,2026-03-19,Mandatory empowering secured line,101.54
TXN1053,2026-03-12,Synchronized composite open system,209.95
TXN1054,2026-03-14,Secured coherent time-frame,377.08
TXN1055,2026-03-19,Versatile contextually-based monitoring,99.39
TXN1056,2026-03-18,Multi-tiered human-resource utilization,390.19
TXN1057,2026-03-01,Future-proofed methodical function,441.73
TXN1058,2026-03-16,Business-focused user-facing data-warehouse,199.92
TXN1059,2026-03-12,Reverse-engineered static adapter,31.26
TXN1060,2026-03-13,Versatile value-added superstructure,422.21
TXN1061,2026-03-22,Mandatory bi-directional open system,146.53
TXN1062,2026-03-19,Total fault-tolerant project,261.74
TXN1063,2026-03-01,Horizontal cohesive software,149.17
TXN1064,2026-02-25,Monitored maximized open architecture,469.39
TXN1065,2026-03-13,Multi-layered responsive forecast,157.04
TXN1066,2026-03-22,Compatible solution-oriented moratorium,405.94
TXN1067,2026-03-11,Extended uniform success,127.41
TXN1068,2026-03-21,Streamlined non-volatile implementation,151.18
TXN1069,2026-02-28,Down-sized bifurcated moratorium,264.97
TXN1070,2026-03-18,Customer-focused optimal attitude,405.06
TXN1071,2026-03-13,Balanced multi-tasking circuit,128.38
TXN1072,2026-03-19,Compatible content-based pricing structure,231.16
TXN1073,2026-03-15,Adaptive web-enabled throughput,494.04
TXN1074,2026-02-24,Fully-configurable tertiary protocol,172.18
TXN1075,2026-03-22,Open-architected methodical methodology,141.15
TXN1076,2026-03-05,Intuitive system-worthy frame,351.75
TXN1077,2026-03-23,Stand-alone multi-state array,315.76
TXN1078,2026-03-19,Open-architected high-level instruction set,348.0
TXN1079,2026-03-02,Seamless asymmetric conglomeration,444.29
TXN1080,2026-03-04,Assimilated optimizing installation,254.98
TXN1081,2026-02-27,Proactive dedicated intranet,160.33
TXN1082,2026-03-15,Visionary user-facing time-frame,471.48
TXN1083,2026-03-08,Grass-roots asymmetric toolset,178.42
TXN1084,2026-03-23,Persevering motivating strategy,358.41
TXN1085,2026-03-19,Pre-emptive didactic throughput,248.21
TXN1086,2026-03-23,Function-based even-keeled leverage,451.58
TXN1087,2026-03-25,Reverse-engineered holistic database,463.3
TXN1088,2026-03-13,Monitored composite infrastructure,479.08
TXN1089,2026-03-12,Compatible exuding array,456.42
TXN1090,2026-03-17,Vision-oriented regional task-force,104.92
TXN1091,2026-02-26,Organic content-based data-warehouse,215.21
TXN1092,2026-03-02,Exclusive mobile groupware,495.65
TXN1093,2026-03-14,Face-to-face user-facing secured line,68.61
TXN1094,2026-02-25,Reverse-engineered client-server solution,82.52
TXN1095,2026-02-24,Optimized maximized conglomeration,230.58
TXN1096,2026-03-18,Vision-oriented global frame,61.0
TXN1097,2026-03-05,Distributed object-oriented collaboration,480.98
TXN1098,2026-03-20,Cloned holistic challenge,303.63
TXN1099,2026-02-27,Reactive radical middleware,290.2
